Account_num,Final_date,Unpaid_Balance,Note_Rate,Current_Delinquency
1001,26-12-2033,5646,5,0
1002,11-02-2031,6202,3,0
1003,25-04-2029,6204,2,0
1004,03-03-2025,9736,5,0
1005,10-05-2025,8299,7,0
1006,01-06-2031,7536,3,0
1007,10-01-2029,6063,4,0
1008,16-09-2031,9558,5,0
1009,22-01-2029,6026,8,0
1010,18-03-2032,7166,4,0
1011,29-12-2028,8769,6,0
1012,10-06-2029,9218,6,0
1013,28-07-2030,8805,2,0
1014,16-03-2033,7839,8,0
1015,17-07-2025,5482,3,0
1016,28-02-2028,5256,6,0
1017,19-05-2031,7845,6,0
1018,18-02-2028,5065,4,0
1019,21-02-2025,6513,5,0
1020,23-03-2031,9926,6,0
1021,09-10-2026,7684,2,0
1022,07-09-2026,8382,5,0
1023,18-08-2033,8310,3,0
1024,14-05-2030,7182,4,0
1025,20-01-2032,6606,4,0
1026,10-03-2031,5069,6,0
1027,04-02-2032,5400,4,0
1028,27-03-2025,7460,3,0
1029,19-10-2029,6885,7,0
1030,09-05-2033,7488,6,0
1031,07-12-2030,7832,3,0
1032,22-03-2025,8137,8,0
1033,15-09-2029,8137,3,0
1034,22-11-2033,7352,8,0
1035,12-11-2031,5457,7,0
1036,12-01-2026,7827,6,0
1037,04-07-2026,8309,5,0
1038,30-12-2025,8915,4,0
1039,27-12-2027,8304,4,0
1040,17-12-2028,7587,4,0
1041,24-08-2025,5796,8,0
1042,23-03-2026,8141,6,0
1043,18-10-2028,5678,2,0
1044,07-12-2026,5620,2,0
1045,29-01-2025,6581,6,0
1046,19-03-2030,7342,3,0
1047,12-03-2028,7316,6,0
1048,01-11-2028,8037,8,0
1049,30-08-2030,5167,5,0
1050,07-03-2030,5676,5,0
1051,15-05-2031,5677,8,0
1052,07-01-2029,8602,5,0
1053,17-04-2032,8005,3,0
1054,13-11-2028,9634,4,0
1055,24-05-2028,7043,8,0
1056,04-06-2030,9049,4,0
1057,10-08-2029,6105,2,0
1058,28-11-2031,5691,4,0
1059,09-06-2026,8377,5,0
1060,20-05-2025,7753,7,0
1061,18-06-2031,6220,6,0
1062,06-02-2026,6238,8,0
1063,17-06-2031,6846,7,0
1064,03-04-2031,7575,6,0
1065,31-05-2029,7951,5,0
1066,26-04-2031,8493,4,0
1067,07-06-2030,5555,4,0
1068,25-05-2029,6665,5,0
1069,14-02-2029,6360,3,0
1070,05-06-2033,7875,2,0
1071,02-02-2032,5512,8,0
1072,10-07-2025,6293,2,0
1073,31-10-2031,6537,2,0
1074,19-12-2027,7070,2,0
1075,24-08-2030,5862,7,0
1076,09-09-2025,7353,3,0
1077,21-04-2025,7138,8,0
1078,03-11-2032,7303,3,0
1079,06-02-2027,6004,7,0
1080,21-01-2030,5976,2,0
1081,22-09-2025,7709,4,0
1082,03-11-2028,7338,3,0
1083,13-12-2025,7372,4,0
1084,19-06-2033,9010,5,0
1085,27-12-2030,9946,7,0
1086,17-01-2032,9850,3,0
1087,23-09-2033,5051,5,0
1088,21-02-2027,6433,7,0
1089,03-11-2030,8026,8,0
1090,26-12-2032,7459,2,0
1091,14-02-2032,9350,4,0
1092,01-07-2028,9108,8,0
1093,09-08-2032,8886,6,0
1094,19-03-2031,9964,5,0
1095,03-05-2033,9604,2,0
1096,27-11-2031,9440,4,0
1097,14-12-2026,5458,7,0
1098,09-03-2030,8214,8,0
1099,03-05-2025,8236,4,0
1100,06-05-2029,8411,6,0
1101,16-12-2030,8418,5,0
1102,11-06-2027,9358,7,0
1103,12-10-2032,6977,7,0
1104,03-02-2028,6558,3,0
1105,21-06-2031,7987,6,0
1106,01-01-2032,7503,4,0
1107,03-09-2026,8379,6,0
1108,02-06-2028,6025,6,0
1109,31-05-2033,9307,6,0
1110,28-03-2031,7529,8,0
1111,18-07-2032,8225,2,0
1112,22-04-2025,9944,6,0
1113,01-12-2027,8524,6,0
1114,20-05-2026,6724,8,0
1115,25-10-2030,5249,2,0
1116,11-10-2027,6560,2,0
1117,04-02-2025,8107,2,0
1118,09-04-2031,5414,4,0
1119,27-09-2033,7198,3,0
1120,23-09-2030,5758,5,0
1121,22-03-2033,8538,2,0
1122,22-06-2031,8578,5,0
1123,28-01-2032,7857,2,0
1124,22-03-2029,6837,2,0
1125,28-09-2026,7373,7,0
1126,01-02-2031,6219,6,0
1127,13-03-2030,7519,5,0
1128,04-06-2032,6978,2,0
1129,28-12-2030,8714,7,0
1130,20-09-2025,5042,2,0
1131,03-04-2025,9474,7,0
1132,18-11-2033,8793,8,0
1133,05-02-2028,9957,5,0
1134,26-02-2026,8981,2,0
1135,23-11-2026,5122,3,0
1136,16-11-2025,6630,3,0
1137,07-08-2028,6557,3,0
1138,18-08-2030,9647,4,0
1139,08-03-2026,6069,5,0
1140,26-06-2025,5758,3,0
1141,06-01-2025,7542,7,0
1142,06-04-2033,6115,8,0
1143,27-09-2029,7210,7,0
1144,08-02-2027,7630,7,0
1145,27-07-2032,7201,2,0
1146,24-06-2025,6573,5,0
1147,27-04-2031,7272,5,0
1148,24-06-2026,9574,8,0
1149,07-02-2032,7845,5,0
1150,18-07-2026,9243,7,0
1151,18-05-2025,9068,3,0
1152,13-11-2033,5819,2,0
1153,13-06-2029,6604,8,0
1154,16-06-2030,7795,5,0
1155,05-09-2032,5960,5,0
1156,30-05-2030,8037,6,0
1157,12-11-2026,8728,3,0
1158,03-09-2032,7205,2,0
1159,16-03-2025,7225,4,0
1160,27-04-2027,8645,3,0
1161,15-05-2030,8267,5,0
1162,05-10-2030,8702,5,0
1163,25-01-2026,7754,4,0
1164,15-02-2028,6127,8,0
1165,28-06-2029,9396,7,0
1166,18-07-2029,5275,3,0
1167,20-02-2028,9810,7,0
1168,05-03-2031,7474,8,0
1169,20-03-2028,9757,6,0
1170,28-08-2027,9719,8,0
1171,23-03-2026,5728,6,0
1172,28-01-2027,5132,2,0
1173,17-01-2032,5437,3,0
1174,18-12-2030,6130,6,0
1175,30-11-2029,8022,8,0
1176,26-04-2030,8396,2,0
1177,18-04-2029,7649,4,0
1178,16-09-2026,8886,2,0
1179,13-09-2030,7199,5,0
1180,19-05-2029,5272,5,0
1181,17-09-2031,6959,2,0
1182,25-07-2031,8179,7,0
1183,04-12-2027,6029,5,0
1184,25-10-2031,9910,6,0
1185,08-04-2028,7319,7,0
1186,11-04-2032,8437,5,0
1187,28-09-2027,7836,4,0
1188,20-12-2026,6618,3,0
1189,25-05-2025,7628,6,0
1190,02-06-2033,8077,2,0
1191,07-03-2030,5029,4,0
1192,17-03-2026,9953,7,0
1193,23-01-2032,8131,4,0
1194,10-07-2033,8981,3,0
1195,25-08-2031,8971,4,0
1196,30-04-2033,5532,6,0
1197,08-07-2030,6964,4,0
1198,23-12-2029,6653,4,0
1199,19-12-2031,8439,7,0
1200,20-04-2026,7075,7,0
1201,12-01-2028,8691,6,0
1202,23-10-2030,7935,6,0
1203,20-09-2032,9477,4,0
1204,06-09-2028,5247,4,0
1205,20-01-2025,5296,6,0
1206,16-12-2026,7103,5,0
1207,20-11-2028,7531,7,0
1208,30-07-2031,5829,5,0
1209,20-11-2025,6103,4,0
1210,09-06-2031,7766,3,0
1211,18-12-2032,7398,5,0
1212,11-09-2029,6547,5,0
1213,18-02-2032,5896,6,0
1214,16-12-2032,5119,5,0
1215,16-10-2031,7516,3,0
1216,22-02-2028,7833,6,0
1217,15-02-2025,7134,7,0
1218,28-07-2031,8398,2,0
1219,29-10-2026,8247,7,0
1220,29-10-2031,9654,2,0
1221,20-08-2033,9696,5,0
1222,18-06-2027,8550,4,0
1223,01-10-2030,5528,6,0
1224,25-04-2033,7764,2,0
1225,23-05-2029,5735,8,0
1226,28-09-2030,6931,6,0
1227,01-04-2028,9201,2,0
1228,24-11-2033,7080,3,0
1229,05-06-2028,8110,3,0
1230,13-01-2026,9873,8,0
1231,18-06-2026,7127,8,0
1232,17-08-2029,9702,2,0
1233,31-03-2032,6978,2,0
1234,02-04-2030,5750,5,0
1235,10-06-2025,7455,5,0
1236,29-04-2026,9928,6,0
1237,14-03-2031,6253,4,0
1238,13-09-2027,7504,5,0
1239,01-06-2033,9527,3,0
1240,04-11-2025,7635,8,0
1241,25-04-2033,8356,2,0
1242,10-08-2033,6055,7,0
1243,23-01-2033,5432,8,0
1244,17-03-2031,6921,3,0
1245,14-05-2026,5189,2,0
1246,30-04-2025,7488,4,0
1247,01-05-2028,7016,7,0
1248,07-02-2026,6174,8,0
1249,09-07-2031,9666,3,0
1250,06-08-2026,7883,7,0
1251,22-10-2032,6574,8,0
1252,30-11-2029,6135,6,0
1253,10-02-2029,9568,7,0
1254,14-02-2030,7971,8,0
1255,02-04-2030,8849,5,0
1256,07-03-2032,6311,8,0
1257,20-12-2030,5370,6,0
1258,13-07-2032,9221,6,0
1259,12-09-2032,7758,8,0
1260,27-05-2033,5733,7,0
1261,21-01-2029,7690,4,0
1262,25-08-2033,5393,3,0
1263,06-08-2027,6598,2,0
1264,04-07-2027,9481,3,0
1265,30-05-2025,9629,7,0
1266,11-01-2027,5270,3,0
1267,17-03-2029,6183,5,0
1268,29-12-2027,6345,8,0
1269,30-07-2031,5602,3,0
1270,23-06-2029,7657,6,0
1271,18-05-2033,8010,6,0
1272,05-01-2027,7840,5,0
1273,31-08-2033,7989,5,0
1274,05-08-2026,7487,4,0
1275,23-12-2030,9895,3,0
1276,19-03-2030,6708,3,0
1277,31-01-2029,9053,5,0
1278,18-07-2029,5946,3,0
1279,08-07-2028,8046,4,0
1280,05-10-2030,7022,5,0
1281,13-07-2032,9432,8,0
1282,23-03-2031,8887,7,0
1283,12-07-2032,9811,7,0
1284,12-09-2027,8586,2,0
1285,23-02-2026,5788,4,0
1286,07-11-2031,9209,5,0
1287,11-05-2026,8564,2,0
1288,21-05-2029,9034,3,0
1289,11-12-2032,8451,8,0
1290,21-11-2031,5227,4,0
1291,02-09-2032,7453,5,0
1292,13-09-2026,6366,3,0
1293,03-05-2025,8726,2,0
1294,01-10-2032,5158,2,0
1295,10-08-2029,9838,2,0
1296,29-05-2027,7639,7,0
1297,15-10-2030,7989,5,0
1298,20-02-2027,9212,5,0
1299,22-05-2030,9532,4,0
1300,25-05-2032,9083,2,0
1301,09-11-2030,8402,5,0
1302,26-09-2031,8387,8,0
1303,06-03-2032,6925,7,0
1304,17-06-2029,9620,3,0
1305,24-11-2029,7115,6,0
1306,01-01-2027,6745,8,0
1307,29-07-2026,7474,4,0
1308,18-07-2032,9731,7,0
1309,24-12-2032,9800,8,0
1310,26-12-2028,9046,7,0
1311,23-01-2026,5067,2,0
1312,22-05-2031,8516,4,0
1313,16-06-2025,5597,5,0
1314,21-08-2031,5119,3,0
1315,15-01-2026,8688,8,0
1316,23-02-2031,9314,2,0
1317,18-11-2025,8166,8,0
1318,09-11-2032,7473,8,0
1319,26-08-2026,8831,7,0
1320,13-06-2025,6235,6,0
1321,16-02-2033,8947,4,0
1322,21-11-2028,7956,2,0
1323,18-05-2028,6694,3,0
1324,17-08-2029,7168,5,0
1325,28-08-2033,8974,8,0
1326,08-12-2031,6394,4,0
1327,07-05-2026,5058,2,0
1328,24-10-2028,9004,7,0
1329,10-07-2027,7558,2,0
1330,26-09-2030,5398,4,0
1331,11-03-2033,7973,8,0
1332,19-11-2029,7210,6,0
1333,10-04-2032,10000,7,0
1334,12-04-2033,7251,6,0
1335,03-09-2026,6618,7,0
1336,29-01-2030,8060,3,0
1337,22-05-2029,6143,4,0
1338,28-07-2028,5892,4,0
1339,17-06-2027,5059,2,0
1340,07-04-2033,9035,5,0
1341,12-10-2030,5138,3,0
1342,05-06-2028,8542,6,0
1343,17-08-2032,8180,3,0
1344,30-12-2026,9872,6,0
1345,22-09-2031,5141,6,0
1346,20-02-2027,7275,6,0
1347,03-03-2032,8472,2,0
1348,11-10-2030,5053,3,0
1349,26-12-2025,6849,2,0
1350,05-01-2026,6477,3,0
1351,27-03-2031,8266,2,0
1352,18-08-2027,5352,6,0
1353,11-08-2027,7117,7,0
1354,11-02-2033,5945,4,0
1355,18-04-2030,6625,6,0
1356,22-07-2032,9237,4,0
1357,31-08-2033,9204,5,0
1358,06-03-2032,7721,7,0
1359,06-12-2026,7616,3,0
1360,23-09-2032,8543,2,0
1361,05-06-2026,8302,8,0
1362,14-12-2033,5058,7,0
1363,24-11-2026,8001,2,0
1364,07-05-2029,8933,4,0
1365,14-01-2033,7706,7,0
1366,29-08-2030,7738,4,0
1367,09-07-2033,6318,4,0
1368,05-11-2030,8493,7,0
1369,05-07-2032,9472,6,0
1370,01-06-2026,9645,8,0
1371,31-10-2033,7473,7,0
1372,09-07-2026,9571,2,0
1373,08-02-2027,6710,7,0
1374,22-09-2025,7344,6,0
1375,20-07-2026,7341,6,0
1376,27-05-2026,6440,6,0
1377,20-07-2027,6547,8,0
1378,26-01-2032,5929,3,0
1379,06-11-2027,9897,4,0
1380,22-06-2025,7577,5,0
1381,13-01-2032,5703,2,0
1382,23-09-2028,8205,3,0
1383,06-01-2031,9731,4,0
1384,20-08-2026,9936,2,0
1385,10-02-2026,7893,7,0
1386,07-10-2028,6482,4,0
1387,01-03-2033,9018,7,0
1388,09-07-2032,9800,4,0
1389,19-08-2030,7536,3,0
1390,02-06-2027,8465,4,0
1391,06-02-2025,8953,4,0
1392,14-04-2029,6788,7,0
1393,16-07-2031,6849,5,0
1394,08-06-2030,9877,8,0
1395,25-01-2029,5915,5,0
1396,16-10-2027,7528,6,0
1397,06-10-2025,5705,7,0
1398,28-02-2028,5603,4,0
1399,27-04-2032,5067,3,0
1400,29-10-2027,5102,2,0
1401,27-03-2033,5419,2,0
1402,25-01-2030,7696,6,0
1403,30-04-2032,5694,3,0
1404,03-06-2031,7791,2,0
1405,07-12-2032,7196,6,0
1406,06-08-2031,8898,5,0
1407,05-10-2031,9567,2,0
1408,14-07-2030,7142,5,0
1409,25-08-2028,5369,4,0
1410,16-01-2032,5902,6,0
1411,28-05-2028,6892,3,0
1412,11-10-2031,9121,5,0
1413,27-06-2025,7799,3,0
1414,31-03-2026,8956,6,0
1415,18-01-2028,6551,6,0
1416,26-08-2031,7254,7,0
1417,02-01-2029,5838,3,0
1418,21-07-2032,7997,6,0
1419,23-12-2028,7215,4,0
1420,17-02-2027,6434,7,0
1421,27-04-2032,8345,8,0
1422,01-05-2028,8085,4,0
1423,11-01-2031,6248,5,0
1424,14-06-2027,9328,6,0
1425,20-10-2026,6932,6,0
1426,20-03-2029,6633,5,0
1427,13-10-2029,6500,3,0
1428,01-07-2026,6317,8,0
1429,20-07-2025,6677,5,0
1430,22-12-2025,6564,4,0
1431,26-09-2028,5604,7,0
1432,07-07-2029,5373,2,0
1433,12-01-2027,7997,3,0
1434,26-07-2026,8532,3,0
1435,04-03-2029,5603,2,0
1436,07-05-2032,6647,7,0
1437,09-05-2025,6696,4,0
1438,08-07-2031,8819,4,0
1439,18-08-2028,9703,3,0
1440,11-02-2027,6427,5,0
1441,03-01-2028,7595,4,0
1442,04-10-2030,6553,3,0
1443,20-11-2028,7766,8,0
1444,01-08-2031,7758,8,0
1445,31-07-2028,8393,3,0
1446,22-04-2025,6386,3,0
1447,14-01-2027,6241,4,0
1448,17-11-2031,9809,6,0
1449,15-04-2033,9298,7,0
1450,25-03-2027,5071,6,0
1451,01-05-2031,7402,5,0
1452,31-05-2031,6646,3,0
1453,02-02-2030,6661,3,0
1454,09-12-2031,9031,2,0
1455,20-08-2033,6853,3,0
1456,06-12-2026,7573,8,0
1457,26-07-2031,9980,8,0
1458,03-03-2025,8558,4,0
1459,08-01-2025,7871,2,0
1460,24-10-2026,6269,8,0
1461,02-10-2028,5095,8,0
1462,12-06-2025,9985,6,0
1463,04-02-2026,5108,3,0
1464,06-01-2031,5901,3,0
1465,17-11-2028,6029,3,0
1466,07-02-2030,7718,2,0
1467,13-08-2030,5452,6,0
1468,23-05-2033,7746,6,0
1469,02-08-2031,5424,2,0
1470,08-04-2029,8849,6,0
1471,01-11-2030,6035,6,0
1472,07-07-2028,9014,6,0
1473,18-11-2030,6967,6,0
1474,18-12-2028,9856,5,0
1475,19-06-2029,5442,2,0
1476,26-01-2026,7604,5,0
1477,01-11-2026,9065,7,0
1478,08-03-2032,8534,6,0
1479,04-11-2030,9664,4,0
1480,05-03-2030,9169,4,0
1481,15-10-2029,5209,5,0
1482,02-05-2029,7760,7,0
1483,13-10-2030,7109,2,0
1484,09-06-2026,8886,6,0
1485,28-10-2032,6214,7,0
1486,17-11-2029,9329,5,0
1487,25-07-2033,6148,7,0
1488,30-06-2026,7087,4,0
1489,10-07-2030,6505,6,0
1490,17-11-2025,9636,7,0
1491,13-08-2025,9433,4,0
1492,17-12-2028,5743,8,0
1493,22-12-2028,8654,2,0
1494,26-04-2032,9998,7,0
1495,27-07-2029,9564,3,0
1496,15-04-2025,5762,2,0
1497,23-03-2032,8018,6,0
1498,02-12-2031,5666,5,0
1499,29-09-2031,6958,2,0
1500,12-03-2032,9057,8,0
1501,29-01-2030,5655,2,0
1502,27-08-2026,8222,2,0
1503,01-10-2032,7408,4,0
1504,02-01-2028,5043,7,0
1505,15-04-2029,7994,3,0
1506,10-05-2027,5414,8,0
1507,31-05-2028,5772,8,0
1508,01-01-2033,8575,6,0
1509,05-12-2033,9800,6,0
1510,23-04-2026,9652,6,0
1511,07-08-2033,6740,4,0
1512,27-12-2028,6401,3,0
1513,07-01-2030,9653,3,0
1514,07-04-2025,5124,5,0
1515,21-12-2026,6343,7,0
1516,05-01-2031,9381,7,0
1517,12-09-2026,9607,5,0
1518,15-09-2032,9124,5,0
1519,17-12-2031,9251,2,0
1520,30-06-2028,5502,7,0
1521,06-12-2031,5309,6,0
1522,13-02-2027,8253,5,0
1523,19-04-2025,5660,5,0
1524,01-09-2030,9724,7,0
1525,04-09-2032,9164,7,0
1526,24-11-2029,6817,8,0
1527,10-09-2028,9557,7,0
1528,13-12-2025,7280,7,0
1529,01-08-2031,6926,5,0
1530,21-11-2032,7943,4,0
1531,25-05-2029,6024,8,0
1532,26-12-2033,8487,2,0
1533,12-11-2033,5654,2,0
1534,04-08-2028,5278,2,0
1535,31-10-2032,7526,8,0
1536,12-07-2033,9334,2,0
1537,27-11-2033,8623,6,0
1538,04-09-2033,9850,4,0
1539,14-06-2031,7321,4,0
1540,11-12-2028,6741,6,0
1541,17-03-2025,8415,8,0
1542,24-06-2029,6975,5,0
1543,02-09-2027,9996,2,0
1544,17-04-2027,5790,6,0
1545,20-09-2028,9820,6,0
1546,27-05-2028,5498,3,0
1547,01-10-2032,8193,5,0
1548,14-11-2027,9834,4,0
1549,22-12-2032,8199,4,0
1550,11-03-2030,8954,3,0
1551,01-06-2027,6890,5,0
1552,12-04-2027,9231,2,0
1553,27-10-2030,5302,7,0
1554,09-03-2025,9646,2,0
1555,23-01-2025,8934,2,0
1556,12-09-2032,7913,4,0
1557,13-08-2028,8029,6,0
1558,08-02-2029,6636,4,0
1559,19-11-2026,9616,2,0
1560,26-07-2031,5131,5,0
1561,31-07-2031,8296,2,0
1562,15-03-2030,8357,4,0
1563,12-07-2029,6886,6,0
1564,06-05-2031,5796,3,0
1565,08-05-2029,5939,3,0
1566,10-07-2026,8087,2,0
1567,08-10-2028,6406,5,0
1568,12-11-2025,8747,3,0
1569,16-12-2031,5107,6,0
1570,20-01-2030,8803,2,0
1571,22-09-2027,7713,2,0
1572,10-02-2033,5065,7,0
1573,20-08-2032,9738,2,0
1574,02-11-2032,6815,7,0
1575,13-08-2028,7628,8,0
1576,10-02-2030,6070,8,0
1577,21-06-2026,5215,3,0
1578,30-05-2030,5354,6,0
1579,04-02-2031,6277,3,0
1580,03-10-2025,9785,5,0
1581,12-12-2026,6249,5,0
1582,19-09-2033,8772,2,0
1583,02-10-2029,7625,5,0
1584,22-08-2031,6390,4,0
1585,11-11-2029,6448,8,0
1586,07-07-2026,7092,7,0
1587,14-07-2032,5953,7,0
1588,04-10-2026,7448,4,0
1589,24-03-2025,6221,8,0
1590,23-03-2032,7879,3,0
1591,23-08-2032,8330,4,0
1592,03-12-2027,6525,4,0
1593,02-06-2025,5401,5,0
1594,19-01-2033,7815,2,0
1595,13-09-2026,6598,5,0
1596,23-02-2026,9338,7,0
1597,14-06-2031,5961,3,0
1598,16-01-2028,6187,8,0
1599,17-08-2025,9316,7,0
1600,29-11-2025,7636,4,0
1601,18-01-2029,6786,3,0
1602,25-07-2030,6085,3,0
1603,30-05-2029,7193,3,0
1604,21-10-2033,9167,2,0
1605,19-05-2031,5427,3,0
1606,28-07-2027,8482,5,0
1607,27-09-2028,7890,8,0
1608,17-08-2026,8590,4,0
1609,20-10-2030,7795,3,0
1610,12-12-2031,5099,3,0
1611,26-02-2028,7200,8,0
1612,08-06-2025,9936,7,0
1613,10-01-2032,7901,2,0
1614,18-06-2032,7760,6,0
1615,17-05-2031,9022,8,0
1616,16-12-2029,6241,2,0
1617,21-08-2030,8866,2,0
1618,27-08-2027,6476,2,0
1619,22-08-2033,9886,8,0
1620,30-03-2025,8727,6,0
1621,12-04-2027,6725,5,0
1622,04-12-2033,6168,8,0
1623,29-05-2029,9952,4,0
1624,02-10-2028,9053,6,0
1625,22-08-2026,7343,3,0
1626,11-05-2033,9024,2,0
1627,09-08-2027,7760,3,0
1628,16-02-2029,6662,7,0
1629,11-10-2028,8660,7,0
1630,12-03-2029,6065,4,0
1631,04-01-2026,6724,5,0
1632,11-10-2032,9355,6,0
1633,01-06-2032,7656,2,0
1634,30-01-2026,9150,8,0
1635,10-05-2032,8654,3,0
1636,05-07-2025,5427,4,0
1637,22-03-2026,6049,2,0
1638,29-07-2033,6135,3,0
1639,11-02-2031,5742,2,0
1640,03-04-2027,6371,7,0
1641,07-05-2025,7800,4,0
1642,04-04-2029,5617,2,0
1643,31-01-2032,6663,4,0
1644,29-08-2026,6331,8,0
1645,29-08-2031,5181,6,0
1646,29-03-2033,5497,4,0
1647,12-08-2028,8242,2,0
1648,01-03-2033,8183,8,0
1649,18-07-2028,7108,8,0
1650,24-02-2033,5827,5,0
1651,11-02-2032,7267,7,0
1652,12-04-2027,5575,3,0
1653,18-11-2031,5041,2,0
1654,20-03-2025,7005,6,0
1655,21-01-2027,7015,2,0
1656,16-02-2032,5899,5,0
1657,10-04-2025,7984,2,0
1658,07-12-2033,5195,8,0
1659,28-09-2032,7766,6,0
1660,08-03-2028,8969,6,0
1661,27-05-2027,5681,6,0
1662,23-09-2029,8548,8,0
1663,05-01-2033,5619,5,0
1664,24-01-2031,7512,7,0
1665,25-11-2033,9269,7,0
1666,26-05-2030,6874,2,0
1667,01-12-2028,7965,4,0
1668,14-05-2026,7823,8,0
1669,25-09-2032,6578,3,0
1670,18-06-2031,7982,4,0
1671,15-10-2032,5131,3,0
1672,14-09-2033,5842,3,0
1673,13-09-2026,6102,5,0
1674,01-01-2027,5335,4,0
1675,05-07-2028,9293,6,0
1676,19-10-2030,9287,2,0
1677,14-02-2033,9656,8,0
1678,17-05-2026,7874,8,0
1679,19-03-2028,7271,4,0
1680,03-10-2026,5540,2,0
1681,31-12-2028,5201,3,0
1682,19-06-2032,8239,5,0
1683,20-01-2031,8045,3,0
1684,16-05-2026,9461,8,0
1685,13-06-2028,8729,7,0
1686,29-09-2028,5014,5,0
1687,04-08-2027,6849,4,0
1688,01-04-2026,8714,6,0
1689,10-02-2025,6007,6,0
1690,16-08-2026,8312,5,0
1691,05-06-2028,5583,8,0
1692,29-01-2033,8482,6,0
1693,28-07-2028,8339,8,0
1694,13-07-2033,6658,3,0
1695,18-04-2027,8105,2,0
1696,31-07-2033,6179,2,0
1697,16-12-2025,9239,5,0
1698,18-11-2025,6734,3,0
1699,20-08-2027,9819,8,0
1700,15-10-2026,5475,2,0
1701,17-12-2028,6727,6,0
1702,14-07-2028,7059,6,0
1703,09-02-2033,6389,6,0
1704,08-05-2029,7607,8,0
1705,10-09-2030,6719,3,0
1706,31-08-2032,8905,2,0
1707,02-02-2026,5674,8,0
1708,07-09-2029,7852,2,0
1709,20-01-2029,5094,2,0
1710,24-05-2029,8445,5,0
1711,07-06-2030,8577,2,0
1712,20-11-2027,9959,4,0
1713,27-11-2026,5135,7,0
1714,01-06-2033,7235,5,0
1715,02-11-2030,5200,5,0
1716,31-10-2027,9504,3,0
1717,20-05-2027,5429,6,0
1718,17-11-2027,6126,2,0
1719,07-12-2031,9626,3,0
1720,28-10-2029,9083,8,0
1721,28-03-2030,5603,7,0
1722,21-06-2028,8253,4,0
1723,11-09-2030,8125,2,0
1724,26-11-2027,5886,2,0
1725,01-06-2029,6776,2,0
1726,16-08-2032,7825,4,0
1727,15-01-2026,8216,8,0
1728,02-01-2026,9632,7,0
1729,30-06-2031,5159,7,0
1730,07-06-2030,9938,3,0
1731,02-08-2031,7314,6,0
1732,17-06-2026,7616,7,0
1733,04-03-2027,7325,5,0
1734,17-05-2033,6726,5,0
1735,23-08-2027,6865,2,0
1736,17-06-2028,7638,5,0
1737,02-09-2025,7106,2,0
1738,25-03-2026,9137,7,0
1739,20-01-2033,9668,5,0
1740,12-02-2025,9327,4,0
1741,15-06-2026,7123,8,0
1742,29-03-2032,6550,3,0
1743,17-07-2028,7449,3,0
1744,27-02-2025,9192,5,0
1745,06-09-2029,9115,3,0
1746,13-08-2027,6736,2,0
1747,10-12-2031,9694,7,0
1748,09-05-2031,8353,5,0
1749,08-10-2033,8183,3,0
1750,01-12-2030,9580,5,0
1751,14-04-2032,9912,3,0
1752,25-01-2025,8580,5,0
1753,02-02-2031,7099,6,0
1754,18-11-2031,6936,7,0
1755,28-10-2025,9116,4,0
1756,27-10-2030,9600,4,0
1757,02-08-2033,7090,5,0
1758,31-03-2025,7808,8,0
1759,31-12-2028,9242,8,0
1760,11-10-2028,6196,5,0
1761,22-06-2033,8360,3,0
1762,01-09-2029,5252,6,0
1763,07-07-2031,5807,2,0
1764,11-11-2033,6748,7,0
1765,19-04-2031,7051,5,0
1766,14-08-2026,7245,4,0
1767,30-03-2025,8613,4,0
1768,19-08-2028,7886,8,0
1769,16-12-2029,6261,7,0
1770,23-08-2026,8413,7,0
1771,10-03-2027,5080,6,0
1772,03-04-2032,7366,5,0
1773,14-06-2033,6432,7,0
1774,28-07-2028,6651,5,0
1775,05-04-2032,5738,4,0
1776,27-01-2026,9988,6,0
1777,18-06-2030,9684,6,0
1778,09-03-2031,8465,2,0
1779,03-02-2028,7887,7,0
1780,27-07-2028,7931,3,0
1781,29-08-2033,8513,8,0
1782,12-07-2025,8647,8,0
1783,17-04-2030,6018,3,0
1784,06-03-2029,8698,3,0
1785,26-12-2027,6117,2,0
1786,11-08-2029,8362,3,0
1787,01-01-2026,5654,5,0
1788,01-09-2029,8528,4,0
1789,16-09-2032,8678,8,0
1790,02-10-2033,9604,7,0
1791,31-10-2029,6887,5,0
1792,30-08-2027,5147,4,0
1793,11-08-2025,7150,3,0
1794,26-11-2028,5318,3,0
1795,06-01-2031,8652,5,0
1796,24-09-2027,7401,6,0
1797,13-04-2029,5899,3,0
1798,19-07-2033,5437,4,0
1799,09-12-2031,7789,2,0
1800,07-05-2025,7049,5,0
1801,14-07-2033,6048,4,0
1802,29-04-2031,6379,5,0
1803,26-02-2027,8450,7,0
1804,11-10-2026,5251,2,0
1805,04-12-2027,8177,2,0
1806,26-01-2026,9133,8,0
1807,28-12-2029,9529,7,0
1808,12-04-2030,8836,5,0
1809,10-06-2031,7406,4,0
1810,23-03-2025,9136,4,0
1811,05-09-2026,5884,8,0
1812,30-10-2032,5897,4,0
1813,17-06-2033,5396,5,0
1814,25-11-2026,8956,6,0
1815,08-01-2031,8412,6,0
1816,10-10-2028,7134,5,0
1817,10-09-2025,7984,7,0
1818,16-07-2033,8051,8,0
1819,01-11-2032,9284,3,0
1820,09-02-2026,5255,3,0
1821,26-06-2029,8515,5,0
1822,17-06-2026,5957,3,0
1823,12-01-2025,7633,2,0
1824,24-12-2028,5272,3,0
1825,11-12-2028,8859,5,0
1826,11-03-2029,5905,2,0
1827,17-04-2025,9614,3,0
1828,27-10-2030,9459,4,0
1829,23-01-2025,9542,5,0
1830,06-12-2027,6186,3,0
1831,18-11-2031,6321,2,0
1832,05-09-2027,5354,4,0
1833,30-11-2025,7468,6,0
1834,18-09-2033,9728,2,0
1835,08-02-2025,5635,4,0
1836,08-12-2029,9620,6,0
1837,27-03-2031,9881,4,0
1838,01-08-2026,8099,4,0
1839,17-05-2030,9625,8,0
1840,06-08-2032,7884,7,0
1841,02-02-2028,6672,3,0
1842,14-06-2026,5208,4,0
1843,26-12-2028,7717,8,0
1844,22-09-2030,7190,4,0
1845,25-03-2032,6346,2,0
1846,22-09-2030,7243,4,0
1847,31-10-2026,9473,4,0
1848,23-08-2025,9101,8,0
1849,05-11-2028,8195,8,0
1850,04-07-2029,6958,2,0
1851,28-10-2031,5065,6,0
1852,10-08-2025,6033,2,0
1853,22-12-2027,6478,3,0
1854,16-12-2033,8826,2,0
1855,28-10-2031,8150,5,0
1856,19-09-2029,9859,8,0
1857,27-09-2026,8534,6,0
1858,22-05-2030,6824,4,0
1859,12-06-2029,7548,8,0
1860,15-12-2032,7532,5,0
1861,24-10-2033,9749,8,0
1862,20-05-2026,9250,6,0
1863,12-12-2030,9137,6,0
1864,03-10-2028,8012,4,0
1865,12-08-2032,8971,7,0
1866,10-11-2028,9039,7,0
1867,27-06-2030,5467,3,0
1868,18-02-2033,6255,2,0
1869,23-04-2026,8666,8,0
1870,18-08-2028,9511,2,0
1871,05-06-2026,6049,4,0
1872,01-10-2028,9571,7,0
1873,15-11-2030,5587,6,0
1874,27-10-2028,6167,4,0
1875,04-07-2029,7162,5,0
1876,31-12-2032,8916,6,0
1877,27-03-2028,7076,8,0
1878,04-12-2026,6428,4,0
1879,29-03-2033,6038,7,0
1880,25-11-2032,8440,8,0
1881,04-04-2026,6798,8,0
1882,07-03-2025,6920,4,0
1883,03-11-2031,6983,4,0
1884,22-10-2029,5777,6,0
1885,30-08-2032,8911,7,0
1886,06-05-2030,8770,2,0
1887,24-01-2033,9907,3,0
1888,23-12-2025,5519,4,0
1889,07-09-2027,7985,2,0
1890,12-02-2028,8787,6,0
1891,09-10-2030,7784,5,0
1892,10-05-2028,8657,7,0
1893,02-03-2030,8296,4,0
1894,15-10-2027,9382,7,0
1895,11-02-2031,7420,8,0
1896,15-04-2028,7375,4,0
1897,29-12-2032,6681,4,0
1898,28-06-2025,7361,4,0
1899,15-04-2032,6552,8,0
1900,04-08-2025,8987,2,0
1901,12-05-2033,8016,5,0
1902,24-10-2028,9956,5,0
1903,25-07-2031,6529,8,0
1904,21-03-2033,9470,6,0
1905,17-01-2027,6360,2,0
1906,16-10-2025,9938,6,0
1907,09-11-2026,8029,8,0
1908,27-06-2029,5914,7,0
1909,31-12-2028,9775,5,0
1910,12-06-2029,8094,2,0
1911,07-11-2026,9814,8,0
1912,03-01-2033,7936,4,0
1913,10-03-2027,7361,7,0
1914,04-02-2033,8728,3,0
1915,15-06-2032,8087,7,0
1916,22-08-2030,8833,3,0
1917,02-01-2033,6619,5,0
1918,16-10-2025,7054,2,0
1919,14-08-2031,7118,5,0
1920,28-07-2032,6323,4,0
1921,06-08-2029,7263,4,0
1922,20-05-2030,7088,8,0
1923,31-01-2030,6669,7,0
1924,04-03-2028,8855,8,0
1925,28-03-2030,6103,3,0
1926,02-12-2029,5146,7,0
1927,02-02-2033,9644,2,0
1928,09-12-2025,8497,7,0
1929,14-02-2032,7486,7,0
1930,23-11-2026,9966,2,0
1931,22-02-2026,5506,4,0
1932,28-07-2029,6864,2,0
1933,03-08-2028,5987,6,0
1934,09-02-2033,6300,8,0
1935,18-07-2026,8225,6,0
1936,30-07-2029,8327,8,0
1937,01-11-2029,8508,8,0
1938,25-05-2026,8152,7,0
1939,08-04-2025,9370,3,0
1940,14-07-2025,7101,6,0
1941,27-07-2025,9664,8,0
1942,01-01-2026,7425,5,0
1943,24-09-2030,6801,4,0
1944,06-07-2029,9452,5,0
1945,07-08-2032,9269,3,0
1946,03-07-2027,5750,7,0
1947,31-12-2031,5467,5,0
1948,18-09-2033,7589,3,0
1949,26-08-2028,7005,5,0
1950,07-10-2028,5032,8,0
1951,17-07-2025,7864,6,0
1952,28-06-2029,5431,8,0
1953,28-11-2029,8941,3,0
1954,16-01-2026,6722,3,0
1955,18-08-2030,9725,7,0
1956,20-10-2032,6080,3,0
1957,30-08-2030,7967,4,0
1958,30-06-2026,8415,6,0
1959,14-04-2031,5597,2,0
1960,24-07-2029,9161,5,0
1961,03-09-2030,8480,4,0
1962,09-10-2032,8115,2,0
1963,11-05-2029,6822,5,0
1964,08-07-2027,7955,4,0
1965,12-09-2033,9380,5,0
1966,03-10-2025,9559,6,0
1967,12-10-2032,5230,3,0
1968,29-12-2026,8217,4,0
1969,04-07-2032,8026,2,0
1970,06-08-2027,8619,5,0
1971,31-07-2030,9750,5,0
1972,28-04-2030,9746,5,0
1973,18-05-2030,7937,8,0
1974,19-07-2027,5151,6,0
1975,25-01-2025,7751,6,0
1976,09-06-2028,5123,4,0
1977,03-02-2029,6208,6,0
1978,10-03-2028,6904,4,0
1979,30-11-2033,5175,3,0
1980,18-03-2031,7257,4,0
1981,17-11-2032,8983,6,0
1982,25-01-2032,6814,2,0
1983,30-01-2030,8077,3,0
1984,06-03-2029,5586,7,0
1985,07-12-2029,9974,3,0
1986,23-08-2029,7576,5,0
1987,10-02-2025,8288,2,0
1988,16-02-2033,7004,8,0
1989,13-03-2026,5524,5,0
1990,14-01-2026,6135,7,0
1991,19-04-2033,6009,6,0
1992,18-01-2025,8319,6,0
1993,05-02-2028,6860,4,0
1994,22-04-2028,6558,8,0
1995,05-12-2029,5496,5,0
1996,22-01-2033,8830,7,0
1997,21-09-2029,7777,5,0
1998,30-12-2031,8995,6,0
1999,29-07-2026,8041,7,0
2000,15-08-2030,8053,8,0
2001,08-10-2030,9194,3,0
2002,18-11-2028,5683,6,0
2003,08-11-2029,8195,2,0
2004,17-01-2028,6556,5,0
2005,08-03-2027,9231,6,0
2006,05-04-2029,8448,2,0
2007,14-11-2027,8144,7,0
2008,22-09-2026,8508,3,0
2009,18-05-2032,8544,8,0
2010,17-06-2028,9100,4,0
2011,12-12-2025,6691,6,0
2012,21-07-2032,9382,7,0
2013,16-07-2027,5493,2,0
2014,29-07-2030,7032,4,0
2015,21-03-2028,7460,4,0
2016,22-02-2027,9488,8,0
2017,08-04-2026,5549,5,0
2018,21-03-2028,7697,7,0
2019,29-04-2030,9635,2,0
2020,06-08-2030,9631,2,0
2021,16-08-2030,5721,6,0
2022,10-02-2029,5811,8,0
2023,17-05-2032,9205,3,0
2024,22-05-2025,6102,8,0
2025,12-08-2033,8220,2,0
2026,24-01-2029,8192,8,0
2027,12-11-2025,5099,2,0
2028,16-12-2026,7448,7,0
2029,26-05-2032,6749,4,0
2030,10-11-2026,8439,3,0
2031,25-07-2029,9527,4,0
2032,11-03-2032,5310,3,0
2033,26-12-2031,7805,7,0
2034,05-03-2029,8573,2,0
2035,14-12-2033,8956,7,0
2036,05-09-2025,7341,7,0
2037,02-04-2032,6444,3,0
2038,05-06-2032,7912,4,0
2039,19-08-2030,6125,8,0
2040,31-01-2029,8360,5,0
2041,03-09-2027,5890,6,0
2042,17-05-2030,7026,4,0
2043,28-12-2028,6936,4,0
2044,15-11-2025,5074,4,0
2045,20-04-2029,5560,5,0
2046,04-03-2031,8689,4,0
2047,23-07-2029,6923,7,0
2048,11-10-2025,8866,3,0
2049,07-12-2031,8429,3,0
2050,20-08-2026,6772,8,0
2051,03-05-2026,7935,2,0
2052,30-12-2027,8450,5,0
2053,25-07-2029,9591,5,0
2054,01-10-2030,5335,6,0
2055,21-07-2033,9521,5,0
2056,22-12-2025,6409,8,0
2057,13-06-2027,7515,2,0
2058,07-11-2025,9102,8,0
2059,11-11-2030,9710,7,0
2060,15-03-2025,7987,3,0
2061,12-01-2029,6463,5,0
2062,12-02-2030,7093,8,0
2063,10-12-2027,7506,7,0
2064,17-01-2031,6840,6,0
2065,06-03-2028,8982,8,0
2066,28-09-2026,9240,3,0
2067,14-04-2033,5048,2,0
2068,28-01-2030,7841,5,0
2069,12-02-2028,6944,8,0
2070,04-12-2027,6956,6,0
2071,03-05-2032,6459,8,0
2072,21-11-2032,7805,3,0
2073,11-05-2032,8386,3,0
2074,17-06-2026,9462,4,0
2075,12-02-2030,9173,5,0
2076,12-11-2027,5487,5,95
2077,24-02-2032,5884,5,51
2078,31-12-2025,5350,8,49
2079,21-02-2026,9979,7,13
2080,22-12-2030,8885,6,94
2081,18-11-2033,6695,5,75
2082,21-08-2028,8310,4,47
2083,23-12-2025,8503,8,84
2084,05-06-2026,7338,4,31
2085,30-09-2025,5337,6,84
2086,21-05-2028,7373,5,87
2087,17-11-2026,7421,6,40
2088,28-04-2026,7909,3,42
2089,22-11-2033,7265,7,38
2090,23-06-2028,8107,4,1
2091,23-03-2027,7095,3,95
2092,23-09-2027,9756,6,65
2093,23-10-2032,5306,7,4
2094,15-04-2032,7175,3,38
2095,27-12-2033,7242,3,77
2096,06-07-2031,7063,4,36
2097,13-07-2028,6943,3,70
2098,05-10-2029,8698,2,77
2099,10-02-2032,7676,5,92
2100,20-06-2027,9876,3,88
2101,26-09-2031,6547,8,33
2102,12-07-2033,5321,7,69
2103,14-09-2033,7296,3,10
2104,28-03-2032,7794,8,29
2105,21-02-2032,7431,2,33
2106,05-06-2025,9343,7,33
2107,04-01-2032,8472,8,22
2108,31-10-2028,7353,7,54
2109,03-07-2026,7551,6,93
2110,27-09-2033,8996,6,65
2111,06-05-2032,7766,6,65
2112,19-08-2029,9399,4,16
2113,17-01-2026,7656,3,28
2114,06-07-2029,7249,5,11
2115,19-08-2031,9297,5,12
2116,11-12-2029,7405,2,83
2117,10-03-2028,7362,8,79
2118,24-01-2028,8310,2,42
2119,24-07-2033,6707,6,28
2120,12-01-2032,8830,2,7
2121,26-03-2031,7427,6,46
2122,28-12-2033,5439,7,41
2123,31-01-2028,9605,8,84
2124,10-05-2032,8004,6,38
2125,19-12-2032,5595,5,72
2126,09-05-2026,9176,8,77
2127,23-07-2029,6950,8,18
2128,16-05-2027,7187,4,60
2129,24-03-2032,8063,8,75
2130,07-11-2032,5225,5,95
2131,27-07-2025,5310,3,4
2132,08-11-2027,9026,7,27
2133,13-11-2028,9191,8,85
2134,21-08-2033,7764,4,20
2135,21-03-2030,9568,2,22
2136,18-10-2027,8721,8,12
2137,05-10-2028,6189,6,15
2138,14-05-2027,9880,5,91
2139,17-01-2031,7595,7,77
2140,17-06-2029,7003,4,23
2141,03-03-2033,7861,5,90
2142,23-04-2030,8271,4,60
2143,10-12-2031,6522,3,50
2144,18-01-2030,9238,5,85
2145,26-02-2027,8259,4,95
2146,30-04-2030,8237,7,69
2147,07-08-2028,9832,8,37
2148,16-02-2027,5786,6,52
2149,15-11-2033,5521,5,71
2150,14-12-2028,8356,2,56
2151,01-08-2028,8798,8,74
2152,11-08-2029,9066,6,33
2153,13-10-2027,6184,5,18
2154,02-08-2026,5890,7,45
2155,23-01-2030,9001,2,37
2156,11-09-2028,6613,2,69
2157,17-01-2030,6883,5,80
2158,02-03-2027,9876,7,86
2159,27-09-2030,7652,5,39
2160,17-08-2031,5003,3,11
2161,14-05-2025,8955,3,63
2162,06-02-2032,9241,5,56
2163,25-12-2028,7333,8,34
2164,06-08-2028,9356,2,32
2165,31-05-2033,5369,2,3
2166,18-03-2030,5464,5,55
2167,12-02-2029,8780,7,5
2168,02-08-2026,5574,7,34
2169,18-10-2027,8671,7,12
2170,01-02-2025,9914,2,60
2171,12-05-2026,6799,5,73
2172,03-07-2030,9087,3,23
2173,14-12-2032,9860,4,92
2174,13-10-2032,9263,4,92
2175,02-12-2033,7501,3,31
2176,17-09-2026,8866,3,18
2177,13-09-2026,6673,6,49
2178,28-09-2025,7236,6,82
2179,27-04-2028,5439,5,66
2180,19-06-2031,5001,4,11
2181,18-05-2027,8211,7,6
2182,03-08-2026,9748,3,63
2183,03-05-2029,6166,3,34
2184,06-03-2025,8944,2,6
2185,19-08-2028,6504,7,62
2186,14-09-2031,5549,7,70
2187,10-12-2029,5421,8,76
2188,07-06-2025,9306,8,28
2189,21-09-2030,5420,3,44
2190,28-12-2029,7883,5,17
2191,27-08-2026,5690,5,84
2192,16-03-2027,6853,6,80
2193,19-11-2026,9164,8,25
2194,08-09-2031,7716,5,51
2195,26-01-2032,5334,7,84
2196,03-08-2031,8007,3,60
2197,25-09-2027,8388,3,66
2198,07-03-2032,8511,7,72
2199,25-12-2025,6583,7,95
2200,28-04-2031,5090,8,28
2201,19-01-2031,9913,4,5
2202,27-04-2032,6292,7,50
2203,01-07-2033,5847,3,4
2204,17-11-2033,8789,5,27
2205,11-01-2033,7347,8,1
2206,27-12-2032,7773,5,33
2207,10-06-2029,8194,4,20
2208,15-05-2028,8458,2,17
2209,03-08-2025,5004,8,4
2210,04-07-2028,8046,4,69
2211,07-11-2027,9523,3,12
2212,18-12-2028,5908,3,50
2213,16-07-2026,7744,6,15
2214,01-12-2028,9713,3,83
2215,19-12-2028,8266,7,20
2216,29-09-2025,8270,8,6
2217,20-05-2029,6469,2,46
2218,30-06-2025,5685,3,79
2219,06-08-2029,7672,4,2
2220,10-07-2027,5761,2,23
2221,07-10-2030,6128,2,35
2222,17-04-2026,8242,5,46
2223,03-03-2028,7432,4,51
2224,30-12-2029,6767,4,1
2225,02-07-2025,5439,6,30
2226,05-11-2028,5072,8,61
2227,02-11-2033,6441,5,66
2228,25-11-2029,8637,3,65
2229,28-10-2027,8578,6,1
2230,03-09-2025,9704,7,40
2231,19-12-2025,6616,2,12
2232,28-11-2032,7651,5,45
2233,18-07-2030,8751,5,69
2234,18-12-2026,6964,7,54
2235,15-10-2027,7643,7,83
2236,14-12-2029,9029,3,54
2237,31-10-2026,8503,4,51
2238,07-12-2025,9419,6,19
2239,04-09-2031,9424,8,16
2240,23-09-2032,5133,8,57
2241,18-07-2025,7067,8,70
2242,27-04-2030,5485,7,33
2243,06-07-2025,9748,7,31
2244,25-04-2026,7373,8,45
2245,19-01-2029,7777,2,56
2246,28-12-2033,5554,8,79
2247,20-03-2026,7289,7,21
2248,18-10-2026,7619,3,94
2249,28-08-2027,5050,6,37
2250,29-08-2030,9379,4,60
2251,28-10-2026,9090,8,48
2252,14-12-2033,7173,2,81
2253,01-08-2026,7359,8,80
2254,08-06-2025,8771,5,55
2255,21-07-2025,7915,5,39
2256,12-10-2027,9344,3,34
2257,29-08-2028,5025,4,10
2258,14-04-2025,5055,6,34
2259,03-02-2027,8665,2,95
2260,02-12-2031,7185,2,24
2261,08-06-2030,6408,8,64
2262,21-03-2025,9954,5,83
2263,01-08-2031,7916,2,62
2264,16-04-2028,8846,6,57
2265,10-03-2027,7853,4,29
2266,07-11-2029,8708,5,24
2267,29-08-2031,6607,8,91
2268,24-12-2031,7504,8,24
2269,04-11-2031,8685,7,67
2270,14-01-2033,8228,6,95
2271,07-04-2032,6357,7,40
2272,04-09-2029,5518,6,36
2273,23-06-2026,5234,8,94
2274,08-07-2031,6677,4,2
2275,06-01-2025,7823,6,66
2276,10-10-2033,5381,4,93
2277,14-08-2032,5349,6,27
2278,27-10-2032,8387,3,86
2279,21-12-2026,7829,7,7
2280,12-09-2026,6087,4,51
2281,27-05-2032,5738,4,63
2282,06-02-2029,5782,7,52
2283,04-06-2029,9666,4,66
2284,21-06-2029,7760,6,18
2285,17-12-2027,7720,8,17
2286,13-02-2031,7699,2,70
2287,20-05-2032,8547,8,46
2288,09-02-2029,9395,6,77
2289,01-11-2026,5701,2,81
2290,22-07-2033,9050,7,20
2291,02-10-2026,9294,6,31
2292,26-07-2028,7852,3,22
2293,05-06-2027,7388,6,78
2294,29-03-2031,9518,4,72
2295,17-12-2028,9179,6,42
2296,21-10-2031,6904,8,60
2297,11-08-2025,9820,8,7
2298,10-05-2027,6535,4,67
2299,17-04-2031,6635,3,43
2300,28-06-2031,8275,6,92
2301,26-03-2031,9639,6,75
2302,02-04-2025,8133,3,51
2303,26-08-2030,7712,2,48
2304,30-08-2028,9386,2,41
2305,11-03-2025,7745,7,80
2306,17-07-2032,6063,3,16
2307,23-07-2032,8219,3,74
2308,22-02-2029,5693,6,23
2309,19-01-2028,5303,8,54
2310,01-11-2025,8079,8,75
2311,12-12-2028,9610,6,24
2312,19-05-2028,8550,8,24
2313,29-08-2032,7498,4,21
2314,29-11-2032,5264,2,74
2315,28-02-2027,8307,3,53
2316,03-06-2031,5926,4,13
2317,11-12-2027,6149,5,81
2318,30-01-2032,7216,3,6
2319,27-07-2025,5880,6,40
2320,02-11-2025,5277,7,23
2321,02-02-2032,5489,7,75
2322,17-07-2031,7027,6,93
2323,05-01-2033,5965,2,90
2324,25-06-2032,8778,2,44
2325,14-06-2033,7235,4,37
2326,02-07-2026,5024,6,95
2327,16-02-2027,5100,8,69
2328,24-07-2025,5149,6,12
2329,26-09-2025,7487,4,14
2330,14-11-2025,9336,5,15
2331,23-08-2029,6112,3,23
2332,19-01-2029,7021,5,8
2333,13-08-2025,9504,5,49
2334,22-06-2032,5990,2,24
2335,06-09-2029,6545,3,51
2336,25-08-2031,7224,5,21
2337,02-03-2033,9329,3,92
2338,17-05-2026,7647,6,2
2339,16-09-2028,9020,5,7
2340,21-01-2030,9698,7,37
2341,07-07-2030,7260,7,7
2342,12-10-2033,6584,3,38
2343,19-06-2030,8245,2,68
2344,13-05-2027,5109,5,94
2345,07-09-2032,7027,5,36
2346,08-07-2033,5182,7,5
2347,09-10-2027,5361,4,61
2348,26-07-2032,5903,2,95
2349,25-01-2031,7196,4,22
2350,18-04-2027,7257,6,37
2351,30-06-2029,5337,3,36
2352,26-10-2026,8531,6,36
2353,09-04-2032,9174,2,61
2354,03-08-2031,9643,7,45
2355,27-12-2026,7495,6,31
2356,04-12-2032,8332,2,22
2357,25-02-2026,5562,3,85
2358,14-07-2028,6833,4,30
2359,10-02-2026,7752,3,37
2360,22-06-2027,8264,5,47
2361,21-10-2028,5533,5,60
2362,30-11-2026,9274,8,30
2363,14-02-2027,5832,8,5
2364,02-07-2025,6438,5,13
2365,15-08-2027,9627,2,20
2366,02-04-2026,8193,5,26
2367,17-12-2027,9648,7,66
2368,25-10-2029,8333,3,30
2369,13-03-2025,6439,6,94
2370,18-04-2026,6966,3,57
2371,14-12-2027,7806,5,42
2372,27-02-2032,9635,4,7
2373,13-02-2032,6577,5,83
2374,16-10-2033,5963,4,92
2375,20-04-2031,5702,6,61
2376,23-12-2030,6562,6,9
2377,30-10-2032,6447,2,35
2378,09-05-2032,8783,7,92
2379,03-02-2026,5403,7,53
2380,25-03-2031,7141,6,64
2381,11-10-2027,8345,4,52
2382,06-10-2032,6117,5,37
2383,01-01-2027,9081,5,42
2384,10-03-2029,8357,5,33
2385,23-12-2025,9911,3,15
2386,14-08-2027,5146,7,50
2387,03-12-2031,9420,5,48
2388,09-01-2033,5123,3,25
2389,15-01-2030,7358,8,46
2390,08-07-2025,6977,2,20
2391,02-09-2032,7961,5,41
2392,05-10-2028,6797,5,48
2393,09-04-2028,9418,4,65
2394,24-11-2030,6064,5,59
2395,26-10-2030,7913,6,37
2396,31-03-2031,5082,6,79
2397,22-02-2029,8526,2,52
2398,30-07-2031,7282,7,64
2399,02-06-2028,7492,4,9
2400,03-02-2025,7014,4,84
2401,01-04-2027,6486,4,18
2402,22-12-2027,9235,6,19
2403,12-12-2025,8101,5,36
2404,11-09-2026,8038,5,41
2405,13-10-2031,8097,8,21
2406,20-04-2028,7365,3,41
2407,23-02-2026,7980,4,2
2408,21-01-2026,9642,3,86
2409,28-11-2027,8144,8,14
2410,06-02-2027,5327,5,32
2411,18-05-2032,8943,6,65
2412,28-06-2032,5072,7,43
2413,26-06-2025,8980,3,88
2414,06-08-2029,8560,4,33
2415,14-02-2026,9148,5,76
2416,22-07-2026,9434,5,61
2417,17-07-2031,6819,4,33
2418,21-08-2031,7185,7,28
2419,20-02-2031,9067,6,20
2420,03-05-2026,9359,8,81
2421,11-09-2026,6071,3,81
2422,10-07-2026,9046,6,80
2423,23-03-2032,7503,7,76
2424,26-07-2030,5310,6,82
2425,09-05-2025,7233,3,16
2426,10-10-2032,8839,4,122
2427,24-06-2028,7136,5,194
2428,22-04-2027,8497,6,206
2429,07-08-2028,5880,6,120
2430,18-05-2027,9716,2,207
2431,15-01-2027,7910,7,159
2432,24-05-2031,6714,4,197
2433,19-11-2025,8374,2,207
2434,30-08-2031,5528,3,121
2435,25-04-2027,7000,5,154
2436,20-05-2033,5327,6,176
2437,10-01-2032,9359,3,128
2438,25-06-2032,5891,6,120
2438,12-02-2030,8397,6,140
2438,08-11-2031,7590,2,134
2438,08-02-2032,9020,7,134
2438,14-05-2026,7359,6,161
2438,27-01-2031,7449,7,162
2438,19-03-2032,5701,2,110
2438,22-06-2031,5417,6,115
2438,03-05-2032,6510,5,118
2438,14-03-2030,7807,6,147
2438,20-10-2033,5466,8,180
2438,03-11-2027,6737,7,175
