date1,date2
18-07-2032,19-02-2038
25-05-2024,30-03-2039
25-10-2030,14-07-2035
29-09-2025,02-11-2034
13-02-2030,25-05-2037
22-03-2024,10-03-2039
16-11-2025,05-07-2034
07-11-2019,09-07-2033
26-11-2025,07-01-2038
19-04-2031,27-01-2035
25-06-2022,03-02-2033
17-08-2031,19-12-2036
04-06-2026,27-04-2039
08-08-2021,25-04-2038
09-04-2024,11-04-2034
22-06-2020,12-11-2038
13-03-2033,24-01-2033
01-11-2020,10-06-2036
02-10-2033,01-11-2036
18-10-2028,21-10-2036
31-08-2028,24-07-2040
30-03-2019,24-04-2037
21-09-2021,29-07-2040
09-08-2027,07-08-2039
12-10-2023,14-06-2038
25-10-2020,02-05-2037
12-11-2025,03-09-2039
06-08-2030,27-04-2038
21-01-2020,05-12-2037
01-05-2019,29-04-2033
15-09-2027,14-04-2036
29-03-2024,13-06-2033
09-05-2022,27-03-2039
22-10-2028,22-09-2033
08-08-2030,23-01-2040
12-05-2024,06-08-2035
09-08-2029,12-02-2034
03-08-2022,04-01-2038
06-05-2028,07-08-2037
31-10-2021,13-02-2039
25-08-2033,11-09-2035
04-06-2030,18-01-2040
,
,
,
